delta time, euler x , euler y , euler z
Min x, Max x, Min y, Max y, Min z, Max z
0.01999999,-1.2,0.47,8.08


0.03999998,-2.28,-1.75,9.1


0.1038231,-2.12,-1.72,8.89


0.1991179,-1.89,-1.55,8.79


0.2165932,-1.81,-1.46,8.8


0.2304174,-1.81,-1.46,8.8


0.2521252,-1.73,-1.41,8.76


0.2712549,-1.71,-1.38,8.75


0.2844304,-1.71,-1.38,8.75


0.2977256,-1.69,-1.36,8.74


0.3115383,-1.66,-1.35,8.72


0.330288,-1.61,-1.34,8.68


0.3498102,-1.61,-1.34,8.68


0.3704295,-1.55,-1.34,8.65


0.3847241,-1.55,-1.34,8.65


0.4087626,-1.55,-1.34,8.65


0.4353248,-1.49,-1.28,8.66


0.4571323,-1.46,-1.26,8.66


0.4754345,-1.46,-1.26,8.66


0.4940841,-1.46,-1.26,8.66


0.5130882,-1.38,-1.14,8.61


0.5347022,-1.38,-1.14,8.61


0.5578765,-1.33,-1.12,8.58


0.5717999,-1.31,-1.09,8.55


0.5841128,-1.31,-1.09,8.55


0.5984742,-1.31,-1.09,8.55


0.6202113,-1.33,-1.07,8.54


0.6381221,-1.33,-1.04,8.51


0.6501213,-1.33,-1.04,8.51


0.6624838,-1.39,-0.99,8.54


0.6819677,-1.39,-0.99,8.54


0.6958855,-1.5,-0.92,8.54


0.7091898,-1.5,-0.92,8.54


0.7296963,-1.62,-0.88,8.55


0.7427786,-1.62,-0.88,8.55


0.7576817,-1.67,-0.87,8.53


0.7719211,-1.67,-0.87,8.53


0.7930334,-1.72,-0.88,8.53


0.80409,-1.72,-0.88,8.53


0.8200223,-1.75,-0.91,8.55


0.8397292,-1.77,-0.94,8.55


0.8533126,-1.78,-0.97,8.57


0.8718985,-1.82,-1.03,8.62


0.8856993,-1.82,-1.03,8.62


0.904718,-1.85,-1.07,8.63


0.9184465,-1.85,-1.07,8.63


0.9337504,-1.88,-1.14,8.69


0.9526286,-1.88,-1.14,8.69


0.9636248,-1.94,-1.17,8.73


0.980845,-1.94,-1.17,8.73


0.9983931,-1.99,-1.21,8.74


1.014571,-1.99,-1.21,8.74


1.030412,-1.98,-1.26,8.72


1.071551,-1.99,-1.28,8.71


1.086279,-1.99,-1.29,8.68


1.098776,-1.99,-1.29,8.68


1.10869,-1.98,-1.29,8.66


1.126282,-1.98,-1.29,8.65


1.142362,-1.96,-1.28,8.64


1.156568,-1.96,-1.28,8.64


1.187617,-1.95,-1.25,8.63


1.217064,-1.95,-1.24,8.64


1.232412,-1.96,-1.23,8.65


1.240191,-1.96,-1.23,8.65


1.258252,-1.96,-1.23,8.65


1.27462,-1.98,-1.24,8.66


1.310504,-1.98,-1.27,8.67


1.321782,-2.01,-1.28,8.65


1.335429,-2.01,-1.28,8.65


1.349925,-2.01,-1.28,8.65


1.369903,-2.01,-1.28,8.65


1.386449,-1.98,-1.3,8.65


1.402663,-1.98,-1.3,8.65


1.418367,-1.94,-1.3,8.64


1.438675,-1.94,-1.3,8.64


1.457705,-1.94,-1.3,8.67


1.472271,-1.95,-1.3,8.7


1.485347,-1.95,-1.3,8.7


1.502515,-1.95,-1.3,8.72


1.5176,-1.95,-1.3,8.72


1.532713,-1.95,-1.3,8.74


1.550154,-1.95,-1.3,8.74


1.565362,-1.96,-1.29,8.76


1.580103,-1.96,-1.29,8.76


1.598873,-1.96,-1.3,8.75


1.613134,-1.96,-1.3,8.75


1.634334,-1.93,-1.33,8.72


1.649169,-1.93,-1.33,8.72


1.66608,-1.9,-1.35,8.72


1.680176,-1.87,-1.35,8.71


1.696872,-1.87,-1.35,8.71


1.713384,-1.86,-1.33,8.74


1.731058,-1.86,-1.33,8.74


1.74534,-1.86,-1.34,8.77


1.765746,-1.86,-1.34,8.77


1.782244,-1.84,-1.38,8.78


1.79635,-1.84,-1.38,8.78


1.81312,-1.84,-1.41,8.77


1.832543,-1.84,-1.47,8.79


1.846287,-1.84,-1.47,8.79


1.865252,-1.86,-1.51,8.81


1.882233,-1.86,-1.51,8.81


1.898943,-1.9,-1.52,8.81


1.915415,-1.9,-1.52,8.81


1.932297,-1.89,-1.55,8.83


1.956055,-1.88,-1.55,8.83


1.969929,-1.88,-1.55,8.83


1.987621,-1.9,-1.54,8.82


2.006526,-1.9,-1.54,8.82


2.02159,-1.89,-1.53,8.8


2.042792,-1.89,-1.54,8.79


2.056914,-1.89,-1.54,8.79


2.070861,-1.88,-1.56,8.77


2.088054,-1.88,-1.56,8.77


2.108416,-1.88,-1.57,8.77


2.135845,-1.92,-1.58,8.79


2.155706,-1.92,-1.58,8.79


2.169918,-1.94,-1.59,8.79


2.186508,-1.94,-1.59,8.79


2.205957,-1.97,-1.64,8.8


2.221143,-2.01,-1.65,8.8


2.240133,-2.01,-1.65,8.8


2.260809,-2.02,-1.67,8.8


2.276026,-2.02,-1.67,8.8


2.28952,-2.03,-1.67,8.78


2.303168,-2.03,-1.67,8.78


2.318909,-2.05,-1.64,8.76


2.356853,-2.05,-1.62,8.73


2.374693,-2.07,-1.6,8.7


2.393224,-2.07,-1.6,8.7


2.413899,-2.07,-1.6,8.68


2.427605,-2.07,-1.6,8.68


2.454506,-2.09,-1.62,8.68


2.482063,-2.14,-1.62,8.67


2.497299,-2.19,-1.61,8.68


2.522826,-2.2,-1.64,8.68


2.543781,-2.2,-1.64,8.68


2.565792,-2.2,-1.66,8.69


2.580401,-2.23,-1.66,8.72


2.606753,-2.23,-1.66,8.72


2.628498,-2.25,-1.65,8.74


2.649763,-2.23,-1.63,8.73


2.667115,-2.22,-1.62,8.73


2.694112,-2.2,-1.61,8.72


2.719121,-2.18,-1.59,8.7


2.736693,-2.16,-1.57,8.69


2.764674,-2.15,-1.54,8.67


2.783989,-2.15,-1.54,8.67


2.800929,-2.13,-1.53,8.68


2.8266,-2.12,-1.51,8.68


2.840341,-2.12,-1.51,8.68


2.852441,-2.11,-1.52,8.69


2.862312,-2.11,-1.52,8.69


2.875964,-2.11,-1.52,8.69


2.890898,-2.11,-1.51,8.69


2.907068,-2.11,-1.51,8.69


2.92412,-2.13,-1.49,8.69


2.94167,-2.14,-1.49,8.67


2.956819,-2.14,-1.49,8.67


2.973345,-2.15,-1.5,8.64


2.98964,-2.15,-1.5,8.64


3.008661,-2.17,-1.49,8.63


3.021651,-2.17,-1.49,8.63


3.03633,-2.15,-1.51,8.61


3.05684,-2.15,-1.51,8.61


3.078273,-2.17,-1.52,8.62


3.088765,-2.19,-1.51,8.62


3.101796,-2.19,-1.51,8.62


3.115026,-2.19,-1.51,8.62


3.130342,-2.2,-1.51,8.62


3.14496,-2.2,-1.51,8.62


3.160413,-2.19,-1.52,8.61


3.175261,-2.19,-1.52,8.61


3.191058,-2.22,-1.53,8.62


3.205664,-2.22,-1.53,8.62


3.221828,-2.21,-1.57,8.63


3.236788,-2.21,-1.57,8.63


3.249964,-2.22,-1.59,8.65


3.267253,-2.22,-1.59,8.65


3.2824,-2.24,-1.58,8.67


3.296644,-2.24,-1.58,8.67


3.312908,-2.25,-1.58,8.67


3.327118,-2.25,-1.58,8.67


3.341207,-2.23,-1.61,8.65


3.35715,-2.23,-1.61,8.65


3.372171,-2.22,-1.61,8.65


3.384095,-2.22,-1.61,8.65


3.399844,-2.21,-1.59,8.65


3.414762,-2.21,-1.59,8.65


3.431241,-2.23,-1.57,8.66


3.447282,-2.23,-1.57,8.66


3.466132,-2.23,-1.59,8.66


3.480934,-2.21,-1.61,8.69


3.49598,-2.21,-1.61,8.69


3.508984,-2.2,-1.63,8.69


3.524953,-2.2,-1.63,8.69


3.541398,-2.17,-1.66,8.71


3.557734,-2.17,-1.66,8.71


3.572386,-2.16,-1.68,8.72


3.588049,-2.16,-1.68,8.72


3.603785,-2.16,-1.69,8.72


3.614772,-2.16,-1.69,8.72


3.630728,-2.16,-1.69,8.73


3.644518,-2.16,-1.69,8.73


3.659813,-2.15,-1.7,8.72


3.67455,-2.15,-1.7,8.72


3.690169,-2.11,-1.76,8.7


3.706518,-2.11,-1.76,8.7


3.72095,-2.1,-1.77,8.66


3.737956,-2.1,-1.77,8.66


3.751245,-2.08,-1.78,8.64


3.770008,-2.08,-1.78,8.64


3.781283,-2.05,-1.82,8.63


3.796516,-2.05,-1.82,8.63


3.810474,-2.03,-1.86,8.64


3.824802,-2.03,-1.86,8.64


3.840412,-2.05,-1.88,8.67


3.857429,-2.05,-1.88,8.67


3.873811,-2.06,-1.9,8.69


3.891019,-2.06,-1.9,8.69


3.905563,-2.07,-1.9,8.7


3.922234,-2.07,-1.9,8.7


3.940976,-2.09,-1.93,8.68


3.951899,-2.09,-1.93,8.68


3.965659,-2.09,-1.97,8.65


3.983099,-2.09,-1.97,8.65


3.999731,-2.06,-2.01,8.62


4.01312,-2.06,-2.01,8.62


4.030849,-2.04,-2.04,8.61


4.045434,-2.04,-2.04,8.61


4.059088,-2.04,-2.04,8.62


4.073639,-2.04,-2.04,8.62


4.089546,-2.05,-2.04,8.62


4.104736,-2.05,-2.04,8.62


4.123046,-2.05,-2.05,8.62


4.148958,-2.05,-2.07,8.62


4.171816,-2.05,-2.08,8.64


4.181247,-2.05,-2.08,8.64


4.195699,-2.05,-2.08,8.64


4.209992,-2.06,-2.08,8.63


4.225667,-2.06,-2.08,8.63


4.241998,-2.06,-2.08,8.62


4.262152,-2.08,-2.11,8.59


4.281538,-2.08,-2.11,8.59


4.292673,-2.11,-2.11,8.59


4.308481,-2.11,-2.11,8.59


4.324269,-2.2,-2.14,8.59


4.339429,-2.2,-2.14,8.59


4.353195,-2.27,-2.13,8.61


4.370687,-2.27,-2.13,8.61


4.383004,-2.46,-2.12,8.65


4.397907,-2.46,-2.12,8.65


4.411869,-2.75,-2.12,8.72


4.42498,-2.75,-2.12,8.72


4.440992,-3.12,-2.09,8.84


4.458047,-3.12,-2.09,8.84


4.475812,-3.55,-2.05,8.94


4.490414,-3.55,-2.05,8.94


4.509133,-3.75,-2.03,9


4.521146,-3.75,-2.03,9


4.534866,-4.19,-2.01,9.12


4.548679,-4.19,-2.01,9.12


4.566036,-4.72,-1.98,9.26


4.581627,-4.72,-1.98,9.26


4.601074,-5.27,-1.97,9.45


4.615528,-5.27,-1.97,9.45


4.633194,-5.9,-1.96,9.64


4.65284,-6.24,-1.96,9.76


4.675627,-6.24,-1.96,9.76


4.696271,-6.76,-1.98,9.97


4.706828,-6.76,-1.98,9.97


4.720905,-7.23,-2.01,10.22


4.733,-7.23,-2.01,10.22


4.752147,-7.85,-2.04,10.5


4.77637,-7.85,-2.04,10.5


4.795022,-7.85,-2.04,10.5


4.807974,-8.59,-2.12,10.83


4.822077,-8.59,-2.12,10.83


4.838271,-9.16,-2.1,11.01


4.849073,-9.16,-2.1,11.01


4.865075,-9.81,-2.01,11.18


4.877992,-9.81,-2.01,11.18


4.892608,-10.36,-1.91,11.3


4.90878,-10.36,-1.91,11.3


4.925346,-10.7,-1.88,11.32


4.942117,-10.7,-1.88,11.32


4.961456,-10.87,-1.86,11.33


4.973956,-10.87,-1.86,11.33


4.987105,-11.31,-1.78,11.45


5.005599,-11.31,-1.78,11.45


5.022701,-11.77,-1.71,11.51


5.039074,-11.77,-1.71,11.51


5.057609,-12.18,-1.67,11.5


5.071517,-12.48,-1.68,11.48


5.093781,-12.48,-1.68,11.48


5.11719,-12.53,-1.7,11.47


5.127309,-12.53,-1.7,11.47


5.140375,-12.8,-1.71,11.5


5.172063,-12.8,-1.71,11.5


5.198702,-13.16,-1.75,11.47


5.231361,-13.31,-1.73,11.41


5.24318,-13.31,-1.73,11.41


5.255247,-13.31,-1.73,11.41


5.270529,-13.31,-1.73,11.41


5.28949,-13.59,-1.71,11.35


5.301964,-13.59,-1.71,11.35


5.321626,-13.7,-1.7,11.31


5.332349,-13.7,-1.7,11.31


5.353233,-14.3,-1.56,11.2


5.366001,-14.3,-1.56,11.2


5.380013,-15.2,-1.22,11


5.393595,-15.2,-1.22,11


5.408859,-15.52,-1.13,10.95


5.424895,-15.52,-1.13,10.95


5.443064,-16.17,-1.11,10.88


5.459625,-16.63,-1.13,10.77


5.473798,-16.63,-1.13,10.77


5.488591,-17.15,-1.17,10.64


5.501035,-17.15,-1.17,10.64


5.514405,-17.15,-1.17,10.64


5.530921,-18.69,-1.28,10.29


5.544319,-18.69,-1.28,10.29


5.560601,-20.05,-1.4,10.02


5.57633,-20.05,-1.4,10.02


5.593004,-20.84,-1.44,9.8


5.609834,-21.43,-1.4,9.68


5.634987,-21.43,-1.4,9.68


5.656804,-21.98,-1.42,9.6


5.671281,-22.23,-1.46,9.57


5.686309,-22.23,-1.46,9.57


5.699682,-22.28,-1.46,9.56


5.724493,-22.28,-1.46,9.56


5.746492,-22.42,-1.46,9.52


5.757605,-22.42,-1.46,9.52


5.77013,-22.69,-1.45,9.43


5.783504,-22.69,-1.45,9.43


5.79894,-22.86,-1.41,9.36


5.811076,-22.86,-1.41,9.36


5.82946,-23.25,-1.33,9.26


5.845035,-23.25,-1.33,9.26


5.860054,-23.5,-1.29,9.19


5.874828,-23.5,-1.29,9.19


5.889139,-24.15,-1.28,9.01


5.904718,-24.15,-1.28,9.01


5.91909,-24.78,-1.28,8.86


5.934214,-24.78,-1.28,8.86


5.951615,-25.04,-1.3,8.78


5.966121,-25.04,-1.3,8.78


5.981395,-25.75,-1.33,8.57


5.995454,-25.75,-1.33,8.57


6.010899,-26.43,-1.43,8.4


6.027172,-26.43,-1.43,8.4


6.043191,-27.07,-1.48,8.28


6.059855,-27.47,-1.55,8.18


6.07509,-27.47,-1.55,8.18


6.089668,-27.52,-1.7,8.19


6.105354,-27.52,-1.7,8.19


6.121278,-27.51,-1.78,8.23


6.138041,-27.51,-1.78,8.23


6.148249,-27.56,-1.78,8.23


6.164761,-27.56,-1.78,8.23


6.192732,-27.54,-1.83,8.18


6.21382,-27.55,-1.9,8.12


6.225008,-27.55,-1.9,8.12


6.237839,-27.55,-1.94,8.11


6.250855,-27.59,-1.95,8.12


6.267806,-27.64,-1.94,8.11


6.283993,-27.72,-1.93,8.09


6.299341,-27.72,-1.93,8.09


6.314556,-27.72,-1.93,8.09


6.33088,-28,-1.9,8.1


6.345316,-28,-1.9,8.1


6.36117,-28.36,-1.85,8.07


6.377545,-28.36,-1.85,8.07


6.394588,-28.54,-1.83,8.03


6.415064,-28.54,-1.83,8.03


6.426612,-29.22,-1.66,7.88


6.442107,-29.22,-1.66,7.88


6.457644,-29.59,-1.6,7.8


6.474752,-29.59,-1.6,7.8


6.492364,-30.34,-1.51,7.65


6.505794,-30.34,-1.51,7.65


6.51968,-30.78,-1.42,7.57


6.532805,-30.78,-1.42,7.57


6.548826,-32.38,-0.97,7.16


6.561526,-32.38,-0.97,7.16


6.577661,-33.19,-0.79,6.99


6.592288,-33.19,-0.79,6.99


6.60658,-33.49,-0.75,6.94


6.622707,-33.49,-0.75,6.94


6.650807,-33.75,-0.73,6.93


6.673966,-33.83,-0.79,6.92


6.694732,-33.89,-0.82,6.94


6.706559,-33.89,-0.82,6.94


6.71917,-33.85,-0.84,6.95


6.730588,-33.83,-0.85,6.99


6.744782,-33.83,-0.85,6.99


6.760709,-33.85,-0.85,7.01


6.778641,-33.89,-0.83,7.01


6.794084,-33.88,-0.82,7


6.810921,-33.79,-0.81,7.05


6.82666,-33.79,-0.81,7.05


6.841425,-33.7,-0.86,7.06


6.857869,-33.7,-0.86,7.06


6.87037,-33.63,-0.9,7.06


6.884951,-33.63,-0.9,7.06


6.896409,-33.63,-0.9,7.06


6.912591,-33.56,-0.92,7.08


6.928179,-33.34,-1.01,7.13


6.944059,-33.34,-1.01,7.13


6.959515,-33.42,-0.99,7.11


6.97361,-33.42,-0.99,7.11


6.989909,-33.51,-0.93,7.07


7.005897,-33.51,-0.93,7.07


7.019587,-33.55,-0.88,7.15


7.033122,-33.55,-0.88,7.15


7.048663,-33.6,-0.86,7.15


7.063805,-33.6,-0.86,7.15


7.080388,-33.83,-0.81,7.16


7.095732,-33.83,-0.81,7.16


7.113379,-34,-0.77,7.17


7.128661,-34,-0.77,7.17


7.157628,-34,-0.79,7.19


7.180877,-34.12,-0.78,7.22


7.192266,-34.12,-0.78,7.22


7.204583,-34.15,-0.79,7.25


7.218408,-34.15,-0.79,7.25


7.234255,-34.1,-0.87,7.24


7.250206,-34.1,-0.87,7.24


7.26719,-34,-1,7.18


7.283161,-34,-1,7.18


7.30078,-33.81,-1.09,7.11


7.316133,-33.81,-1.09,7.11


7.331706,-33.23,-1.16,7.04


7.348049,-33.23,-1.16,7.04


7.369357,-32.5,-1.23,6.97


7.380713,-29.58,-1.71,6.45


7.39551,-29.58,-1.71,6.45


7.409181,-24.44,-2.89,5.78


7.42347,-24.44,-2.89,5.78


7.440056,-18.86,-4.14,5.28


7.451183,-18.86,-4.14,5.28


7.466673,-18.86,-4.14,5.28


7.482121,-14.53,-4.71,5.17


7.496822,-14.53,-4.71,5.17


7.512978,-12.67,-4.93,5.18


7.530582,-9.49,-5.24,5.05


7.544594,-9.49,-5.24,5.05


7.56121,-7.17,-5.28,4.97


7.577498,-7.17,-5.28,4.97


7.594831,-5.61,-5.16,5.13


7.608227,-5.61,-5.16,5.13


7.627807,-4.61,-5.06,5.26


7.649506,-4.25,-4.99,5.29


7.671447,-4.25,-4.99,5.29


7.678927,-3.58,-4.81,5.32


7.695087,-3.58,-4.81,5.32


7.712466,-3.15,-4.76,5.46


7.728771,-3.15,-4.76,5.46


7.743383,-2.99,-4.8,5.53


7.759914,-2.99,-4.8,5.53


7.781295,-2.63,-4.88,5.67


7.799297,-2.63,-4.88,5.67


7.808398,-2.55,-4.91,5.73


7.821919,-2.55,-4.91,5.73


7.836709,-2.44,-4.98,5.77


7.850709,-2.44,-4.98,5.77


7.864733,-2.13,-5.09,5.83


7.878282,-2.13,-5.09,5.83


7.89621,-1.82,-5.12,5.85


7.912192,-1.82,-5.12,5.85


7.927104,-1.66,-5.17,5.92


7.943222,-1.66,-5.17,5.92


7.958418,-1.29,-5.29,6.04


7.974117,-1.29,-5.29,6.04


7.985884,-1.19,-5.36,6.11


8.001669,-1.19,-5.36,6.11


8.014485,-1.11,-5.43,6.19


8.029663,-1.11,-5.43,6.19


8.047113,-0.8,-5.52,6.37


8.061832,-0.8,-5.52,6.37


8.081404,0.02,-5.79,6.64


8.109669,0.53,-6.01,6.8


8.129404,1.31,-6.42,7.07


8.142345,1.31,-6.42,7.07


8.155446,1.31,-6.42,7.07


8.166037,1.51,-6.59,7.18


8.180439,1.51,-6.59,7.18


8.197674,1.57,-6.86,7.37


8.213373,1.57,-6.86,7.37


8.229669,0.74,-7.09,7.71


8.245655,0.74,-7.09,7.71


8.26209,0.07,-7.06,7.84


8.277067,0.07,-7.06,7.84


8.290737,-1.82,-6.95,8.09


8.302046,-1.82,-6.95,8.09


8.317682,-4.02,-6.96,8.36


8.329836,-4.02,-6.96,8.36


8.347885,-5.96,-6.87,8.64


8.366103,-5.96,-6.87,8.64


8.383737,-5.96,-6.87,8.64


8.403945,-7.03,-6.74,8.92


8.423077,-7.13,-6.75,8.93


8.443787,-7,-6.85,8.87


8.463889,-6.52,-6.95,8.69


8.48415,-6.52,-6.95,8.69


8.504022,-6.2,-6.94,8.58


8.523965,-5.85,-6.95,8.47


8.543656,-5.85,-6.95,8.47


8.560213,-5.77,-6.95,8.43


8.580559,-5.73,-6.95,8.4


8.612338,-5.35,-7.04,8.37


8.627118,-5.35,-7.04,8.37


8.649813,-4.95,-7.1,8.32


8.675891,-4.65,-7.15,8.31


8.701605,-4.65,-7.12,8.35


8.71426,-4.65,-7.12,8.35


8.742892,-4.59,-7.11,8.37


8.769969,-4.48,-7.15,8.36


8.783146,-4.48,-7.15,8.36


8.815732,-4.36,-7.18,8.33


8.829513,-4.15,-7.25,8.31


8.844768,-4.15,-7.25,8.31


8.867259,-4.09,-7.27,8.35


8.882701,-4.01,-7.26,8.35


8.900908,-4.01,-7.26,8.35


8.921118,-3.99,-7.27,8.33


8.940318,-3.99,-7.27,8.33


8.959304,-3.98,-7.31,8.35


8.985622,-3.94,-7.33,8.37


9.014004,-3.94,-7.3,8.38


9.029729,-3.88,-7.27,8.35


9.044758,-3.88,-7.27,8.35


9.066033,-3.91,-7.24,8.34


9.078778,-3.91,-7.24,8.34


9.100573,-3.96,-7.21,8.3


9.117402,-3.96,-7.21,8.3


9.138365,-3.9,-7.17,8.25


9.155387,-3.91,-7.15,8.26


9.171695,-3.91,-7.15,8.26


9.189669,-3.94,-7.13,8.26


9.230641,-4.18,-7.04,8.25


9.263215,-4.19,-7,8.26


9.279203,-4.03,-6.97,8.22


9.297963,-4.03,-6.97,8.22


9.319621,-3.89,-6.93,8.19


9.329988,-3.38,-6.89,8.09


9.351361,-3.38,-6.89,8.09


9.376163,-2.98,-6.84,7.99


9.393421,-2.78,-6.84,7.96


9.423516,-2.69,-6.81,7.96


9.441215,-2.69,-6.81,7.96


9.461912,-2.67,-6.79,7.96


9.481625,-2.7,-6.77,7.97


9.496952,-2.7,-6.77,7.97


9.518733,-2.67,-6.76,7.97


9.528573,-2.67,-6.76,7.97


9.552278,-2.69,-6.74,8


9.571586,-2.67,-6.79,8.03


9.590837,-2.67,-6.79,8.03


9.612794,-2.62,-6.82,8.01


9.645466,-2.62,-6.8,8.03


9.675251,-2.68,-6.76,8.06


9.702027,-2.69,-6.77,8.06


9.72632,-2.7,-6.78,8.05


9.744311,-2.7,-6.78,8.05


9.763456,-2.75,-6.75,8.05


9.78455,-2.82,-6.71,8.09


9.802648,-2.82,-6.71,8.09


9.815305,-2.91,-6.66,8.09


9.852028,-2.85,-6.68,8.07


9.869257,-2.83,-6.67,8.07


9.881363,-2.83,-6.66,8.06


9.902381,-2.84,-6.64,8.07


9.921379,-2.84,-6.64,8.07


9.940254,-2.81,-6.62,8.07


9.956915,-2.81,-6.62,8.07


9.973679,-2.81,-6.61,8.07


9.992028,-2.84,-6.58,8.06


10.01095,-2.84,-6.58,8.06


10.0319,-2.78,-6.57,7.99


10.05952,-2.78,-6.57,7.98


10.07447,-2.78,-6.57,7.98


10.09534,-2.72,-6.58,7.95


10.11033,-2.73,-6.56,7.95


10.13363,-2.77,-6.55,7.96


10.14824,-2.79,-6.54,7.98


10.16218,-2.79,-6.54,7.98


10.19439,-2.82,-6.52,7.99


10.21752,-2.82,-6.52,8.01


10.23051,-2.83,-6.51,8.02


10.24505,-2.83,-6.51,8.02


10.26533,-2.89,-6.51,8.03


10.28024,-2.89,-6.51,8.03


10.2983,-2.95,-6.53,8.06


10.31196,-2.95,-6.53,8.06


10.32812,-2.96,-6.56,8.05


10.34766,-2.96,-6.56,8.05


10.36421,-2.95,-6.59,8.05


10.37968,-2.91,-6.6,8.08


10.40043,-2.91,-6.6,8.08


10.41479,-2.87,-6.57,8.1


10.42872,-2.87,-6.57,8.1


10.44894,-2.83,-6.56,8.09


10.46838,-2.83,-6.56,8.09


10.48066,-2.8,-6.57,8.07


10.49807,-2.8,-6.57,8.07


10.51594,-2.74,-6.58,8.06


10.53319,-2.63,-6.59,8.07


10.55137,-2.63,-6.59,8.07


10.56606,-2.59,-6.57,8.06


10.59007,-2.59,-6.57,8.06


10.61105,-2.59,-6.57,8.06


10.63922,-2.59,-6.57,8.06


10.65678,-2.59,-6.57,8.06


10.68935,-2.51,-6.56,8.02


10.72593,-2.51,-6.59,8.04


10.74162,-2.51,-6.6,8.04


10.7567,-2.51,-6.6,8.04


10.77409,-2.51,-6.61,8.05


10.79416,-2.49,-6.61,8.06


10.8224,-2.47,-6.61,8.07


10.85402,-2.45,-6.57,8.08


10.87079,-2.41,-6.52,8.06


10.90229,-2.38,-6.52,8.02


10.91716,-2.38,-6.52,8.02


10.93213,-2.33,-6.53,7.97


10.95295,-2.32,-6.54,7.97


10.96618,-2.32,-6.54,7.97


10.98469,-2.35,-6.54,7.98


10.99777,-2.35,-6.54,7.98


11.01836,-2.41,-6.56,8.05


11.03413,-2.41,-6.56,8.05


11.05085,-2.5,-6.55,8.13


11.06601,-2.5,-6.55,8.13


11.08089,-2.59,-6.52,8.2


11.10103,-2.61,-6.52,8.21


11.11559,-2.61,-6.52,8.21


11.14013,-2.63,-6.52,8.2


11.1674,-2.65,-6.52,8.21


11.18121,-2.65,-6.52,8.21


11.19552,-2.68,-6.47,8.16


11.21301,-2.68,-6.47,8.16


11.23197,-2.69,-6.42,8.12


11.24877,-2.69,-6.4,8.1


11.26375,-2.69,-6.4,8.1


11.2844,-2.73,-6.37,8.07


11.29894,-2.73,-6.37,8.07


11.31204,-2.75,-6.36,8.07


11.3274,-2.75,-6.36,8.07


11.34986,-2.76,-6.36,8.06


11.36573,-2.76,-6.36,8.06


11.37932,-2.78,-6.34,8.05


11.39533,-2.78,-6.34,8.05


11.41485,-2.79,-6.34,8.06


11.42914,-2.82,-6.32,8.05


11.44894,-2.82,-6.32,8.05


11.46972,-2.82,-6.3,8.05


11.48138,-2.82,-6.3,8.05


11.49837,-2.84,-6.27,8.08


11.51754,-2.84,-6.27,8.08


11.53188,-2.86,-6.25,8.07


11.54529,-2.86,-6.25,8.07


11.56403,-2.86,-6.24,8.07


11.57928,-2.86,-6.23,8.05


11.59863,-2.86,-6.23,8.05


11.61682,-2.86,-6.22,8.04


11.63161,-2.86,-6.22,8.04


11.65902,-2.88,-6.17,8.03


11.68808,-2.86,-6.14,8.02


11.70649,-2.86,-6.12,8.03


11.72089,-2.86,-6.12,8.03


11.74224,-2.86,-6.08,8


11.75643,-2.86,-6.08,8


11.77584,-2.8,-6.05,7.97


11.80676,-2.76,-6,7.95


11.83837,-2.73,-5.96,7.93


11.85118,-2.7,-5.89,7.92


11.87135,-2.7,-5.89,7.92


11.89195,-2.59,-5.8,7.9


11.91713,-2.46,-5.72,7.83


11.94083,-2.46,-5.72,7.83


11.96365,-2.35,-5.66,7.85


11.9856,-2.23,-5.58,7.86


12.00258,-2.16,-5.53,7.85


12.01638,-2.16,-5.53,7.85


12.0414,-2.04,-5.44,7.86


12.05966,-2.04,-5.44,7.86


12.0762,-1.94,-5.4,7.84


12.09629,-1.7,-5.31,7.8


12.12547,-1.47,-5.23,7.78


12.15258,-1.41,-5.19,7.77


12.16539,-1.41,-5.19,7.77


12.18037,-1.27,-5.09,7.76


12.19925,-1.27,-5.09,7.76


12.2143,-1.12,-5,7.72


12.23433,-1.12,-5,7.72


12.24944,-1.03,-4.96,7.71


12.26513,-1.03,-4.96,7.71


12.2851,-0.88,-4.88,7.68


12.29911,-0.7,-4.82,7.68


12.31235,-0.7,-4.82,7.68


12.33353,-0.48,-4.78,7.69


12.34861,-0.48,-4.78,7.69


12.36668,-0.22,-4.74,7.66


12.38162,-0.22,-4.74,7.66


12.40164,0.08,-4.74,7.64


12.41585,0.08,-4.74,7.64


12.42989,0.28,-4.75,7.64


12.44731,0.28,-4.75,7.64


12.4667,0.32,-4.73,7.63


12.48077,0.32,-4.73,7.63


12.49674,0.32,-4.73,7.63


12.51321,0.45,-4.65,7.62


12.5331,0.45,-4.65,7.62


12.55152,0.4,-4.63,7.63


12.56629,0.4,-4.63,7.63


12.5796,0.29,-4.59,7.65


12.59791,0.29,-4.59,7.65


12.61708,0.21,-4.56,7.67


12.63179,0.14,-4.51,7.69


12.65617,0.14,-4.51,7.69


12.68384,0.13,-4.5,7.69


12.69802,-0.04,-4.42,7.72


12.71712,-0.04,-4.42,7.72


12.7437,-0.06,-4.4,7.74


12.76867,-0.07,-4.39,7.74


12.78244,-0.1,-4.33,7.75


12.79566,-0.1,-4.33,7.75


12.80738,-0.13,-4.31,7.75


12.831,-0.14,-4.29,7.75


12.85076,-0.13,-4.26,7.74


12.86463,-0.13,-4.26,7.74


12.88041,-0.15,-4.24,7.73


12.898,-0.15,-4.24,7.73


12.91634,-0.19,-4.19,7.74


12.93094,-0.22,-4.12,7.75


12.94983,-0.22,-4.12,7.75


12.9679,-0.21,-4.05,7.75


12.98221,-0.21,-4.05,7.75


12.99951,-0.26,-3.95,7.75


13.01773,-0.26,-3.95,7.75


13.03241,-0.29,-3.86,7.74


13.04797,-0.29,-3.82,7.74


13.06734,-0.29,-3.82,7.74


13.08255,-0.25,-3.77,7.71


13.09735,-0.25,-3.77,7.71


13.11707,-0.24,-3.7,7.71


13.13427,-0.24,-3.7,7.71


13.14868,-0.18,-3.61,7.69


13.16709,-0.18,-3.61,7.69


13.18674,-0.08,-3.54,7.65


13.20977,-0.03,-3.51,7.63


13.23324,0.09,-3.43,7.59


13.24754,0.09,-3.43,7.59


13.26519,0.19,-3.36,7.56


13.28322,0.19,-3.36,7.56


13.30308,0.26,-3.32,7.55


13.32072,0.46,-3.28,7.49


13.33301,0.58,-3.27,7.47


13.35325,0.68,-3.25,7.46


13.36995,0.68,-3.25,7.46


13.38754,0.86,-3.24,7.41


13.40174,0.86,-3.24,7.41


13.42449,1.13,-3.2,7.38


13.43861,1.13,-3.2,7.38


13.45427,1.44,-3.16,7.31


13.47434,1.69,-3.09,7.26


13.48928,1.69,-3.09,7.26


13.50925,1.8,-3.05,7.23


13.5287,1.8,-3.05,7.23


13.54495,1.97,-2.96,7.16


13.56545,2.17,-2.9,7.11


13.58142,2.17,-2.9,7.11


13.60288,2.58,-2.76,7.01


13.61993,2.81,-2.69,6.94


13.64259,3.04,-2.65,6.92


13.67306,3.34,-2.66,6.92


13.70033,4.25,-2.87,6.94


13.72601,5.2,-3.08,7


13.7401,6.16,-3.22,7.06


13.75582,6.16,-3.22,7.06


13.77471,7.05,-3.39,7.02


13.7926,7.05,-3.39,7.02


13.80835,7.05,-3.39,7.02


13.82262,7.05,-3.39,7.02


13.84411,8.14,-3.69,7.01


13.8597,8.46,-3.77,7


13.87907,8.74,-3.83,7


13.89763,9.24,-3.92,7.02


13.91539,9.24,-3.92,7.02


13.9339,9.74,-3.99,7


13.95088,9.97,-4.03,6.98


13.96824,9.97,-4.03,6.98


13.98842,10.24,-4.11,6.95


14.00266,10.24,-4.11,6.95


14.01822,10.35,-4.12,6.94


14.03468,10.35,-4.12,6.94


14.05703,10.83,-4.11,6.83


14.07231,11.06,-4.05,6.78


14.08899,11.06,-4.05,6.78


14.10936,11.2,-3.99,6.76


14.12365,11.2,-3.99,6.76


14.14469,11.5,-3.85,6.72


14.17356,11.71,-3.74,6.64


14.19985,11.72,-3.64,6.64


14.21822,11.72,-3.64,6.64


14.23399,11.78,-3.52,6.7


14.25461,11.82,-3.45,6.76


14.27263,11.82,-3.45,6.76


14.28669,11.77,-3.27,6.88


14.30411,11.77,-3.27,6.88


14.32433,11.48,-3.04,6.98


14.33996,11.48,-3.04,6.98


14.35847,11.42,-2.9,7.02


14.37468,11.55,-2.89,6.99


14.39873,11.68,-2.88,6.94


14.41679,11.68,-2.88,6.94


14.4338,11.82,-2.81,6.88


14.45162,11.82,-2.81,6.88


14.47069,12.1,-2.72,6.79


14.48472,12.1,-2.72,6.79


14.49882,12.28,-2.69,6.74


14.51668,12.28,-2.69,6.74


14.53318,12.28,-2.69,6.74


14.54853,12.46,-2.67,6.68


14.56912,12.77,-2.64,6.63


14.58329,13.16,-2.44,6.62


14.60285,13.16,-2.44,6.62


14.61919,13.5,-2.28,6.61


14.63349,13.5,-2.28,6.61


14.6545,13.84,-2.15,6.64


14.67882,14.08,-2.1,6.67


14.70313,14.23,-2.07,6.66


14.71731,14.23,-2.07,6.66


14.73487,14.5,-1.97,6.66


14.75247,14.5,-1.97,6.66


14.76697,14.5,-1.97,6.66


14.78542,14.5,-1.97,6.66


14.80901,14.86,-1.86,6.65


14.83578,15.15,-1.8,6.61


14.85085,15.21,-1.79,6.6


14.86939,15.21,-1.79,6.6


14.88543,15.25,-1.75,6.6


14.89861,15.25,-1.75,6.6


14.91356,15.25,-1.71,6.64


14.93555,15.25,-1.71,6.64


14.9544,15.2,-1.68,6.69


14.96883,14.95,-1.65,6.75


14.98202,14.95,-1.65,6.75


15.00109,14.8,-1.63,6.79


15.01616,14.8,-1.63,6.79


15.03514,14.65,-1.59,6.88


15.0527,14.65,-1.59,6.88


15.0707,14.6,-1.55,6.92


15.08739,14.6,-1.55,6.92


15.11707,14.59,-1.54,6.95


15.14011,14.63,-1.56,6.97


15.15333,14.64,-1.55,6.99


15.16893,14.64,-1.55,6.99


15.18786,14.65,-1.55,7.05


15.20185,14.65,-1.55,7.05


15.21604,14.61,-1.51,7.09


15.23556,14.61,-1.51,7.09


15.25581,14.57,-1.52,7.08


15.27556,14.57,-1.52,7.07


15.28738,14.57,-1.52,7.07


15.30786,14.57,-1.49,7.07


15.32413,14.57,-1.49,7.07


15.34296,14.66,-1.42,7.12


15.36042,14.67,-1.38,7.16


15.38056,14.67,-1.32,7.18


15.39722,14.69,-1.27,7.19


15.41385,14.69,-1.27,7.19


15.43352,14.67,-1.23,7.23


15.45268,14.68,-1.25,7.23


15.47147,14.68,-1.25,7.23


15.48983,14.71,-1.29,7.21


15.5033,14.71,-1.29,7.21


15.52501,14.69,-1.32,7.21


15.54639,14.66,-1.33,7.21


15.56944,14.6,-1.36,7.2


15.58967,14.6,-1.36,7.2


15.60519,14.63,-1.41,7.21


15.62213,14.63,-1.41,7.21


15.65239,14.72,-1.4,7.19


15.67793,15.05,-1.4,7.13


15.69281,15.27,-1.37,7.04


15.70741,15.27,-1.37,7.04


15.72789,15.54,-1.34,6.96


15.75743,15.62,-1.34,6.93


15.7843,15.84,-1.35,6.91


15.802,15.84,-1.35,6.91


15.82113,16.11,-1.35,6.9


15.83912,16.11,-1.35,6.9


15.85047,16.46,-1.37,6.88


15.86661,16.46,-1.37,6.88


15.88615,16.74,-1.4,6.9


15.90077,16.9,-1.42,6.89


15.92026,16.9,-1.42,6.89


15.93437,17.05,-1.45,6.9


15.94914,17.05,-1.45,6.9


15.96762,17.16,-1.46,6.92


15.98622,17.16,-1.46,6.92


16.00124,17.24,-1.44,6.91


16.02133,17.39,-1.42,6.89


16.03948,17.39,-1.42,6.89


16.06557,17.49,-1.42,6.86


16.08738,17.65,-1.41,6.82


16.1014,17.65,-1.41,6.82


16.1162,17.65,-1.41,6.79


16.13446,17.65,-1.41,6.79


16.15226,17.74,-1.4,6.77


16.16732,17.74,-1.4,6.77


16.18644,17.9,-1.38,6.75


16.20138,17.97,-1.38,6.73


16.22131,17.97,-1.38,6.73


16.24118,18.03,-1.42,6.71


16.25263,18.03,-1.42,6.71


16.26992,18.08,-1.44,6.72


16.29038,18.29,-1.42,6.72


16.30445,18.29,-1.42,6.72


16.3217,18.41,-1.42,6.73


16.34052,18.41,-1.42,6.73


16.35427,18.43,-1.44,6.74


16.37057,18.43,-1.44,6.74


16.39143,18.61,-1.45,6.73


16.40491,18.61,-1.45,6.73


16.42517,18.77,-1.46,6.71


16.44389,18.89,-1.46,6.7


16.46315,18.89,-1.46,6.7


16.48335,19.03,-1.43,6.7


16.50299,19.12,-1.39,6.67


16.51746,19.12,-1.39,6.67


16.53655,19.38,-1.37,6.64


16.55219,19.38,-1.37,6.64


16.57285,19.7,-1.36,6.58


16.58651,19.7,-1.36,6.58


16.60051,19.96,-1.32,6.55


16.62162,20.22,-1.28,6.51


16.64808,20.22,-1.28,6.51


16.67347,20.36,-1.27,6.5


16.69918,20.54,-1.26,6.46


16.72529,20.8,-1.27,6.42


16.74453,20.99,-1.25,6.41


16.75593,20.99,-1.25,6.41


16.77191,21.08,-1.25,6.4


16.79148,21.14,-1.24,6.41


16.80746,21.24,-1.23,6.41


16.82199,21.24,-1.23,6.41


16.84329,21.35,-1.24,6.39


16.85732,21.35,-1.24,6.39


16.87722,21.33,-1.27,6.42


16.89199,21.47,-1.26,6.43


16.91377,21.47,-1.26,6.43


16.9301,21.59,-1.26,6.42


16.9516,21.64,-1.25,6.42


16.97025,21.64,-1.25,6.42


16.98425,21.73,-1.27,6.42


17.00097,21.73,-1.27,6.42


17.01983,21.7,-1.29,6.4


17.03467,21.7,-1.29,6.4


17.05166,21.4,-1.33,6.47


17.07156,21.07,-1.35,6.54


17.08582,21.07,-1.35,6.54


17.10056,20.87,-1.37,6.57


17.12016,20.87,-1.37,6.57


17.13765,20.28,-1.43,6.69


17.15557,20.28,-1.43,6.69


17.1811,19.97,-1.44,6.75


17.21146,19.91,-1.46,6.74


17.22544,19.91,-1.46,6.75


17.24008,19.91,-1.46,6.75


17.26009,20.01,-1.46,6.72


17.27371,20.01,-1.46,6.72


17.2947,20.09,-1.46,6.7


17.30852,20.09,-1.46,6.7


17.33099,20.27,-1.46,6.68


17.34798,20.3,-1.48,6.67


17.36192,20.3,-1.48,6.67


17.38155,20.25,-1.52,6.67


17.40103,20.2,-1.53,6.68


17.4213,20.2,-1.53,6.68


17.43728,20.08,-1.52,6.69


17.4555,20.08,-1.52,6.69


17.47366,20,-1.54,6.73


17.48601,20,-1.54,6.73


17.50083,19.94,-1.57,6.75


17.5222,19.93,-1.58,6.76


17.53648,19.93,-1.58,6.76


17.55089,19.93,-1.58,6.76


17.56558,19.93,-1.58,6.76


17.58526,19.93,-1.58,6.76


17.59858,19.93,-1.58,6.76


17.61076,19.98,-1.58,6.75


17.63154,19.98,-1.58,6.75


17.65962,19.89,-1.61,6.77


17.6865,19.81,-1.63,6.79


17.70193,19.79,-1.63,6.8


17.72168,19.79,-1.63,6.8


17.73695,19.78,-1.64,6.81


17.75063,19.78,-1.64,6.81


17.76726,19.75,-1.65,6.81


17.78693,19.75,-1.65,6.81


17.80532,19.76,-1.67,6.81


17.81997,19.8,-1.68,6.81


17.83878,19.8,-1.68,6.81


17.85324,19.8,-1.68,6.81


17.86738,19.8,-1.68,6.81


17.88145,19.86,-1.67,6.79


17.90368,19.86,-1.67,6.79


17.91801,19.86,-1.67,6.79


17.93341,19.86,-1.67,6.79


17.95191,19.84,-1.65,6.78


17.97349,19.82,-1.61,6.78


17.98803,19.82,-1.61,6.78


18.00115,19.84,-1.6,6.77


18.01667,19.84,-1.6,6.77


18.03459,19.82,-1.6,6.77


18.05532,19.82,-1.6,6.77


18.07278,19.84,-1.59,6.77


18.08762,19.87,-1.59,6.76


18.10261,19.87,-1.59,6.76


18.13434,19.9,-1.58,6.75


18.15994,19.86,-1.59,6.75


18.17246,19.86,-1.59,6.75


18.18945,19.77,-1.59,6.75


18.2096,19.77,-1.59,6.75


18.22568,19.39,-1.59,6.79


18.24353,18.21,-1.64,6.96


18.26305,18.21,-1.64,6.96


18.27721,15.55,-1.77,7.35


18.29782,15.55,-1.77,7.35


18.31273,14.22,-1.8,7.55


18.33181,11.63,-1.87,7.97


18.3464,11.63,-1.87,7.97


18.36315,8.76,-1.89,8.46


18.38446,8.76,-1.89,8.46


18.40138,5.77,-1.86,9


18.41977,3.88,-1.81,9.44


18.43896,1.96,-1.76,10.01


18.45682,0.16,-1.72,10.67


18.47533,0.16,-1.72,10.67


18.4882,-2.87,-1.64,12.2


18.50326,-2.87,-1.64,12.2


18.52324,-5.49,-1.73,14.04


18.54264,-7.75,-1.87,15.6


18.55285,-7.75,-1.87,15.6


18.56841,-8.77,-1.92,16.16


18.59014,-9.69,-1.95,16.6


18.60698,-10.5,-1.99,16.9


18.62493,-10.5,-1.99,16.9


18.6494,-11.61,-2.04,17.17


18.67418,-12.35,-2.01,17.24


18.68819,-12.61,-1.98,17.16


18.70126,-12.8,-1.95,17.04


18.71571,-12.8,-1.95,17.04


18.73587,-12.95,-1.93,16.87


18.75589,-13.21,-1.84,16.46


18.78036,-13.41,-1.85,16.15


18.80573,-13.41,-1.85,16.15


18.82319,-13.69,-1.84,15.95


18.83837,-13.9,-1.82,15.84


18.85353,-14.14,-1.83,15.8


18.8754,-14.67,-1.93,15.79


18.8905,-14.67,-1.93,15.79


18.90419,-14.98,-2,15.76


18.92281,-14.98,-2,15.76


18.93991,-15.59,-2.11,15.48


18.95424,-15.59,-2.11,15.48


18.97766,-16.18,-2.19,15.27


18.99232,-16.83,-2.29,15.16


19.00648,-16.83,-2.29,15.16


19.02981,-17.62,-2.31,14.86


19.04444,-17.62,-2.31,14.86


19.06633,-18.01,-2.27,14.64


19.0877,-18.65,-2.12,14.36


19.11555,-19.16,-2.02,14.1


19.14458,-19.55,-2.02,13.82


19.16396,-19.55,-2.02,13.82


19.17813,-19.68,-2.04,13.73


19.19893,-19.82,-2.05,13.56


19.21617,-19.82,-2.05,13.56


19.23329,-20.01,-2.04,13.39


19.25018,-20.01,-2.04,13.39


19.2729,-20.14,-2.05,13.25


19.2884,-20.14,-2.08,13.08


19.30346,-20.14,-2.08,13.08


19.32571,-20.2,-2.07,12.94


19.34034,-20.2,-2.07,12.94


19.35663,-20.22,-2.07,12.92


19.37399,-20.22,-2.07,12.92


19.3931,-20.26,-2.05,12.87


19.40706,-20.26,-2.05,12.87


19.42388,-20.24,-2.06,12.78


19.4426,-20.33,-2.05,12.72


19.46155,-20.33,-2.05,12.72


19.47578,-20.38,-2.08,12.64


19.49518,-20.38,-2.08,12.64


19.51657,-20.39,-2.09,12.59


19.53144,-20.48,-2.09,12.53


19.54666,-20.48,-2.09,12.53


19.56661,-20.54,-2.11,12.43


19.58456,-20.54,-2.11,12.43


19.6009,-20.65,-2.13,12.39


19.62355,-20.82,-2.1,12.37


19.65263,-20.89,-2.07,12.37


19.67479,-20.89,-2.07,12.37


19.68837,-21.02,-2.05,12.34


19.70261,-21.02,-2.05,12.34


19.72231,-21.08,-2.07,12.33


19.7485,-21.17,-2.04,12.34


19.77337,-21.22,-2.07,12.32


19.78713,-21.22,-2.07,12.32


19.80682,-21.25,-2.08,12.29


19.82204,-21.25,-2.08,12.29


19.84235,-21.29,-2.09,12.26


19.85661,-21.29,-2.09,12.26


19.87098,-21.31,-2.09,12.22


19.89493,-21.36,-2.09,12.24


19.90807,-21.36,-2.09,12.24


19.92263,-21.34,-2.09,12.2


19.93997,-21.34,-2.09,12.2


19.96034,-21.34,-2.1,12.2


19.97244,-21.34,-2.1,12.2


19.98821,-21.36,-2.11,12.16


20.00608,-21.36,-2.11,12.16


20.02284,-21.33,-2.11,12.11


20.04187,-21.28,-2.14,12.06


20.05911,-21.28,-2.14,12.06


20.07148,-21.27,-2.15,11.99


20.08904,-21.27,-2.15,11.99


20.10876,-21.24,-2.15,11.97


20.12207,-21.24,-2.15,11.97


20.13692,-21.12,-2.16,11.88


20.15191,-21.12,-2.16,11.88


20.17743,-21.09,-2.13,11.79


20.20388,-20.96,-2.15,11.73


20.23383,-20.72,-2.16,11.62


20.24838,-20.51,-2.16,11.54


20.26493,-20.51,-2.16,11.54


20.28303,-20.13,-2.15,11.37


20.29931,-20.13,-2.15,11.37


20.3138,-19.8,-2.16,11.24


20.33538,-19.8,-2.16,11.24


20.35144,-19.26,-2.17,11.09


20.3683,-19.26,-2.17,11.09


20.38544,-18.26,-2.23,10.74


20.40746,-17.86,-2.22,10.64


20.4215,-17.86,-2.22,10.64


20.44136,-17.22,-2.19,10.5


20.46011,-17.22,-2.19,10.5


20.47375,-16.58,-2.18,10.4


20.48986,-16.23,-2.11,10.36


20.50961,-16.23,-2.11,10.36


20.52547,-16.15,-2.09,10.35


20.53866,-16.15,-2.09,10.35


20.55757,-16.09,-2.08,10.34


20.57199,-16.09,-2.08,10.34


20.59177,-16.09,-2.08,10.35


20.60575,-16.09,-2.08,10.35


20.62092,-16.11,-2.08,10.35


20.64283,-16.2,-2.08,10.39


20.67303,-16.32,-2.07,10.43


20.69554,-16.32,-2.07,10.43


20.70767,-16.43,-2.06,10.47


20.72347,-16.43,-2.06,10.47


20.74313,-16.64,-2.06,10.52


20.7584,-16.72,-2.06,10.54


20.77183,-16.82,-2.05,10.57


20.78785,-16.82,-2.05,10.57


20.80882,-17.12,-2.04,10.64


20.82263,-17.25,-2.04,10.67


20.84246,-17.25,-2.04,10.67


20.86441,-17.25,-2.04,10.67


20.87809,-17.25,-2.04,10.67


20.89946,-17.25,-2.04,10.67


20.92169,-17.25,-2.04,10.67


20.94508,-17.65,-1.96,10.76


20.96671,-17.65,-1.96,10.76


20.98051,-17.62,-1.98,10.72


20.99987,-17.62,-1.98,10.72


21.01337,-17.62,-1.98,10.73


21.03298,-17.69,-1.96,10.77


21.05059,-17.69,-1.96,10.77


21.07205,-17.77,-1.96,10.79


21.08685,-17.77,-1.96,10.79


21.10727,-17.84,-1.94,10.86


21.12294,-17.93,-1.93,10.93


21.15496,-17.93,-1.94,10.94


21.1853,-17.91,-1.93,10.92


21.20576,-17.91,-1.93,10.92


21.22567,-17.8,-1.98,10.9


21.24084,-17.6,-2,10.87


21.25687,-17.6,-2,10.87


21.27604,-17.19,-1.97,10.75


21.29117,-17.19,-1.97,10.75


21.30585,-17.04,-1.93,10.7


21.32546,-17.04,-1.93,10.7


21.3393,-16.87,-1.87,10.6


21.35345,-16.87,-1.87,10.6


21.37386,-16.8,-1.87,10.52


21.38922,-16.8,-1.86,10.5


21.40863,-16.8,-1.86,10.5


21.4248,-16.83,-1.83,10.52


21.44469,-16.83,-1.83,10.52


21.45878,-16.88,-1.81,10.52


21.47198,-16.88,-1.81,10.52


21.49152,-16.96,-1.81,10.54


21.51246,-17.03,-1.82,10.6


21.52548,-17.03,-1.82,10.6


21.54196,-17.15,-1.82,10.64


21.56283,-17.15,-1.82,10.64


21.5766,-17.26,-1.8,10.72


21.59218,-17.26,-1.8,10.72


21.61134,-17.33,-1.79,10.76


21.62489,-17.33,-1.79,10.76


21.65314,-17.53,-1.79,10.82


21.67894,-17.66,-1.81,10.84


21.69235,-17.75,-1.79,10.85


21.70686,-17.75,-1.79,10.85


21.72634,-17.89,-1.77,10.87


21.74059,-17.89,-1.77,10.87


21.75659,-17.97,-1.78,10.89


21.775,-17.97,-1.78,10.89


21.80244,-18.07,-1.78,10.9


21.82702,-18.15,-1.78,10.92


21.84109,-18.17,-1.78,10.92


21.85613,-18.17,-1.78,10.92


21.87498,-18.18,-1.78,10.91


21.88934,-18.18,-1.78,10.91


21.90966,-18.2,-1.78,10.91


21.92209,-18.2,-1.78,10.91


21.94107,-18.25,-1.76,10.93


21.96135,-18.3,-1.75,10.95


21.97567,-18.3,-1.75,10.95


21.98978,-18.3,-1.76,10.99


22.00763,-18.3,-1.76,10.99


22.02733,-18.31,-1.75,11.01


22.04178,-18.31,-1.75,11.01


22.05688,-18.33,-1.74,11.01


22.07233,-18.33,-1.74,11.01


22.09335,-18.34,-1.74,11.01


22.1225,-18.45,-1.74,11.05


22.14846,-18.5,-1.73,11.06


22.16134,-18.5,-1.73,11.06


22.18474,-18.61,-1.7,11.12


22.20448,-18.64,-1.68,11.14


22.22543,-18.64,-1.68,11.14


22.24577,-18.65,-1.69,11.11


22.25711,-18.65,-1.69,11.11


22.27503,-18.73,-1.67,11.11


22.29411,-18.8,-1.65,11.13


22.31349,-18.8,-1.65,11.13


22.33116,-18.96,-1.62,11.18


22.34471,-18.96,-1.62,11.18


22.36721,-19.03,-1.61,11.19


22.38216,-19.16,-1.6,11.22


22.40174,-19.16,-1.6,11.22


22.42124,-19.33,-1.58,11.23


22.43734,-19.33,-1.58,11.23


22.45905,-19.53,-1.57,11.27


22.47719,-19.63,-1.56,11.26


22.49414,-19.63,-1.56,11.26


22.50852,-19.67,-1.56,11.26


22.5221,-19.67,-1.56,11.26


22.54189,-19.73,-1.54,11.26


22.56036,-19.86,-1.51,11.29


22.57731,-19.86,-1.51,11.29


22.59228,-20,-1.48,11.34


22.60599,-20,-1.48,11.34


22.62622,-19.97,-1.49,11.31


22.65254,-19.98,-1.48,11.32


22.67697,-19.98,-1.48,11.32


22.69131,-19.98,-1.45,11.31


22.70435,-19.98,-1.45,11.31


22.72384,-19.89,-1.45,11.24


22.75284,-19.63,-1.45,11.09


22.77812,-19.14,-1.46,10.9


22.79186,-19.14,-1.46,10.9


22.80718,-18.75,-1.46,10.73


22.82889,-18.23,-1.5,10.46


22.84268,-17.6,-1.54,10.13


22.8572,-17.6,-1.54,10.13


22.87548,-16.25,-1.65,9.49


22.89459,-15.06,-1.65,9.05


22.90841,-15.06,-1.65,9.05


22.92273,-14.02,-1.58,8.67


22.9421,-14.02,-1.58,8.67


22.96084,-13.4,-1.54,8.46


22.97909,-13.4,-1.54,8.46


23.0089,-11.17,-1.5,7.77


23.0236,-11.17,-1.5,7.77


23.04521,-9.8,-1.54,7.39


23.07632,-8.16,-1.66,6.96


23.10075,-7.54,-1.67,6.82


23.11769,-7.54,-1.67,6.82


23.13944,-6.42,-1.68,6.62


23.1561,-6.42,-1.68,6.62


23.17165,-5.35,-1.72,6.48


23.19693,-4.1,-1.8,6.35


23.2256,-3.46,-1.87,6.34


23.2427,-3.46,-1.87,6.34


23.26337,-2.13,-2.05,6.35


23.27817,-1.35,-2.17,6.32


23.29388,-0.53,-2.28,6.29


23.31094,1.54,-2.56,6.15


23.32602,1.54,-2.56,6.15


23.34628,4.07,-3.06,5.97


23.36046,4.07,-3.06,5.97


23.37744,6.21,-3.56,5.83


23.39918,7.02,-3.71,5.77


23.41187,7.02,-3.71,5.77


23.42773,7.64,-3.78,5.73


23.44629,8.19,-3.86,5.69


23.47063,9.38,-4.03,5.49


23.49295,10.1,-4.17,5.34


23.51128,10.1,-4.17,5.34


23.53133,10.4,-4.19,5.25


23.54373,10.4,-4.19,5.25


23.56161,10.45,-4.14,5.2


23.58224,10.41,-4.05,5.2


23.60164,10.33,-3.93,5.22


23.62063,10.04,-3.52,5.26


23.63845,10.04,-3.52,5.26


23.66713,8.78,-2.64,5.52


23.69409,8.16,-2.32,5.72


23.71835,6.79,-2.99,6.17


23.7323,6.15,-1.18,6.34


23.74667,6.15,-1.18,6.34


23.76523,4.81,-0.18,6.88


23.78644,4.81,-0.18,6.88


23.80018,4.81,-0.18,6.88


23.8143,4.81,-0.18,6.88


23.83475,3.7,2.05,6.89


23.85458,2.81,3.33,6.92


23.86996,2.81,3.33,6.92


23.89005,1.86,4.41,7.08


23.90727,1.86,4.41,7.08


23.92787,0.83,4.9,7.6


23.94496,0.19,6.22,7.44


23.96231,0.19,6.22,7.44


23.97594,-0.49,7,7.41


23.99402,-0.49,7,7.41


24.01364,-0.83,7.4,7.34


24.02722,-0.83,7.4,7.34


24.04131,-1.79,8.29,7.13


24.06077,-2.57,9.1,6.81


24.07623,-2.57,9.1,6.81


24.09615,-2.88,9.49,6.61


24.10956,-2.88,9.49,6.61


24.12435,-2.91,9.87,6.48


24.14501,-2.91,9.87,6.48


24.17218,-2.93,10.05,6.39


24.2106,-3.04,10.7,6.26


24.22438,-3.04,10.7,6.26


24.24513,-2.95,11.02,6.17


24.26363,-2.95,11.02,6.17


24.28118,-2.71,11.46,5.99


24.29666,-2.71,11.46,5.99


24.31021,-2.62,11.71,5.87


24.33253,-2.53,11.96,5.76


24.34561,-2.42,12.18,5.67


24.3618,-2.32,12.39,5.58


24.38163,-2.32,12.39,5.58


24.39945,-1.91,13.05,5.36


24.41221,-1.91,13.05,5.36


24.43463,-1.72,13.49,5.24


24.44718,-1.72,13.49,5.24


24.46938,-1.66,13.74,5.21


24.48443,-1.57,14.24,5.16


24.50424,-1.57,14.24,5.16


24.52444,-1.42,14.74,5.08


24.5409,-1.16,15.25,5.03


24.56225,-1.16,15.25,5.03


24.57773,-0.92,15.68,4.97


24.59201,-0.92,15.68,4.97


24.61137,-0.82,15.84,4.97


24.62582,-0.82,15.84,4.97


24.65835,-0.71,16.05,5


24.68197,-0.72,15.96,5.02


24.70116,-0.66,15.87,5.02


24.71525,-0.66,15.87,5.02


24.73545,-0.66,15.86,5.03


24.75431,-0.69,15.85,5.06


24.77371,-0.69,15.85,5.06


24.80097,-0.7,15.79,5.06


24.82812,-0.71,15.66,5.04


24.84244,-0.72,15.55,5.06


24.86063,-0.72,15.55,5.06


24.88207,-0.83,15.08,5.22


24.89494,-0.83,15.08,5.22


24.90979,-0.85,14.73,5.29


24.92546,-0.85,14.73,5.29


24.94626,-0.86,14.07,5.59


24.96065,-0.68,13.71,5.74


24.97629,-0.68,13.71,5.74


24.99545,-0.17,13.46,5.73


25.01365,-0.17,13.46,5.73


25.03375,0.23,13.27,5.7


25.04541,0.23,13.27,5.7


25.06266,1,12.96,5.69


25.08499,1.56,12.78,5.6


25.11484,2.02,12.7,5.55


25.14054,2.13,12.71,5.52


25.15233,2.13,12.71,5.52


25.171,2.18,12.65,5.56


25.18781,2.18,12.65,5.56


25.20816,2.27,12.65,5.56


25.22429,2.27,12.65,5.56


25.24544,2.25,12.61,5.55


25.26479,2.07,12.55,5.57


25.27813,2.07,12.55,5.57


25.29144,2.13,12.46,5.59


25.30927,2.13,12.46,5.59


25.32919,2.25,12.37,5.57


25.34567,2.25,12.37,5.57


25.36131,2.26,12.36,5.58


25.37628,2.26,12.36,5.58


25.39751,2.14,12.34,5.6


25.41171,1.88,12.32,5.67


25.42558,1.88,12.32,5.67


25.44531,1.57,12.27,5.69


25.46487,1.57,12.27,5.69


25.47944,1.27,12.21,5.75


25.49312,1.27,12.21,5.75


25.51102,1.16,12.19,5.76


25.52939,1.16,12.19,5.76


25.54412,1.16,12.19,5.76


25.56166,1.01,12.18,5.79


25.57824,1.01,12.18,5.79


25.5923,0.21,12.24,5.92


25.61095,0.21,12.24,5.92


25.63953,-0.68,12.29,6.12


25.66313,-1.01,12.29,6.18


25.67632,-1.01,12.29,6.18


25.69231,-1.16,12.24,6.23


25.70999,-1.26,12.2,6.25


25.7305,-1.26,12.2,6.25


25.75527,-1.35,12.17,6.27


25.78515,-1.36,12.12,6.25


25.7969,-1.36,12.12,6.25


25.81406,-1.38,12.1,6.25


25.83467,-1.38,12.09,6.26


25.84937,-1.38,12.09,6.26


25.87139,-1.43,12.07,6.27


25.88983,-1.52,12.07,6.29


25.90762,-1.58,12.07,6.31


25.92703,-1.68,12.06,6.3


25.94604,-1.68,12.06,6.3


25.95972,-1.72,12.04,6.31


25.97585,-1.72,12.04,6.31


25.99541,-1.71,11.95,6.3


26.01459,-1.67,11.87,6.38


26.0315,-1.67,11.87,6.38


26.05562,-1.61,11.84,6.38


26.08316,-1.48,11.78,6.37


26.10806,-1.41,11.74,6.37


26.11957,-1.41,11.74,6.37


26.13585,-1.26,11.6,6.42


26.15203,-1.26,11.6,6.42


26.17343,-1.16,11.52,6.45


26.18776,-1.16,11.52,6.45


26.20844,-0.92,11.25,6.67


26.22733,-1,10.96,6.84


26.2463,-1,10.96,6.84


26.26119,-1.04,10.82,6.91


26.28163,-1.03,10.57,7.07


26.29508,-1.03,10.57,7.07


26.3087,-0.91,10.37,7.21


26.32393,-0.91,10.37,7.21


26.34644,-0.81,10.2,7.27


26.36062,-0.81,10.2,7.27


26.3764,-0.67,10.11,7.27


26.39538,-0.67,10.11,7.27


26.4124,-0.62,10.08,7.27


26.43118,-0.5,10.06,7.24


26.44598,-0.5,10.06,7.24


26.46405,-0.4,10.07,7.2


26.47867,-0.4,10.07,7.2


26.49825,-0.29,10.13,7.12


26.51407,-0.29,10.13,7.12


26.52793,-0.28,10.25,7.09


26.54637,-0.28,10.25,7.09


26.56451,-0.3,10.29,7.06


26.5793,-0.31,10.33,7.06


26.59344,-0.3,10.34,7.06


26.61424,-0.23,10.37,7.03


26.63959,-0.18,10.4,7


26.66662,-0.18,10.4,7


26.69223,-0.2,10.4,7.01


26.71455,-0.22,10.41,7.03


26.72792,-0.23,10.41,7.03


26.74283,-0.23,10.41,7.03


26.75625,-0.23,10.41,7.03


26.77361,-0.29,10.39,7.04


26.79273,-0.31,10.31,7.08


26.81298,-0.31,10.31,7.08


26.8311,-0.32,10.19,7.13


26.84533,-0.32,10.19,7.13


26.86724,-0.34,10.12,7.18


26.88087,-0.34,9.98,7.25


26.89465,-0.34,9.98,7.25


26.91037,-0.34,9.86,7.29


26.92974,-0.34,9.86,7.29


26.94807,-0.34,9.79,7.3


26.96234,-0.34,9.79,7.3


26.97769,-0.33,9.74,7.29


26.99351,-0.33,9.74,7.29


27.01534,-0.33,9.7,7.3


27.03082,-0.31,9.67,7.29


27.04465,-0.31,9.67,7.29


27.06536,-0.3,9.63,7.29


27.07942,-0.3,9.63,7.29


27.09516,-0.24,9.57,7.28


27.11369,-0.24,9.57,7.28


27.13154,-0.21,9.54,7.27


27.14833,-0.21,9.54,7.27


27.17531,-0.2,9.52,7.27


27.19989,-0.13,9.5,7.24


27.21282,-0.07,9.47,7.22


27.22654,-0.07,9.47,7.22


27.23952,-0.11,9.48,7.26


27.25518,-0.11,9.48,7.26


27.27392,-0.12,9.49,7.22


27.29616,-0.12,9.49,7.22


27.31195,-0.1,9.49,7.2


27.33286,-0.08,9.43,7.14


27.34881,-0.08,9.43,7.14


27.36207,0,9.36,7.1


27.38058,0,9.36,7.1


27.39856,0.06,9.3,7.08


27.41465,0.06,9.3,7.08


27.43088,0.07,9.26,7.1


27.44957,0.07,9.26,7.11


27.46259,0.07,9.26,7.11


27.48276,0.05,9.23,7.1


27.49701,0.05,9.23,7.1


27.51146,0.01,9.23,7.11


27.5304,0.01,9.23,7.11


27.5493,0.03,9.2,7.12


27.56382,0.03,9.2,7.12


27.58199,0.01,9.18,7.17


27.60098,0,9.18,7.18


27.61348,0,9.18,7.18


27.64166,-0.01,9.14,7.2


27.66795,-0.01,9.08,7.19


27.68162,-0.01,9.08,7.19


27.69785,-0.03,9.04,7.2


27.71591,-0.03,9.04,7.2


27.73161,-0.08,9.02,7.22


27.74579,-0.08,9.02,7.22


27.76434,-0.12,9.01,7.25


27.78031,-0.16,8.94,7.28


27.79842,-0.16,8.94,7.28


27.81228,-0.2,8.87,7.28


27.8325,-0.2,8.87,7.28


27.84833,-0.24,8.76,7.26


27.86153,-0.24,8.76,7.26


27.88108,-0.43,8.39,7.35


27.89614,-0.43,8.39,7.35


27.91477,-0.57,7.82,7.53


27.93093,-1.07,5.33,8.63


27.94852,-1.07,5.33,8.63


27.96554,-1.4,2.71,10.22


27.98051,-1.4,2.71,10.22


27.99662,-1.39,0.62,11.81


28.01142,-1.39,0.62,11.81


28.03171,-1.82,-1.45,13.2


28.04748,-1.82,-1.45,13.2


28.06774,-2.32,-2.58,13.66


28.09428,-2.9,-4.34,14.28


28.12074,-2.88,-5.4,14.82


28.13848,-2.88,-5.4,14.82


28.15686,-3,-6.59,15.22


28.17307,-3.42,-8.08,15.62


28.19336,-3.42,-8.08,15.62


28.20996,-3.38,-8.69,15.77


28.22938,-3.13,-9.23,15.9


28.25279,-2.78,-9.74,16.01


28.26686,-2.15,-10.88,16.2


28.28046,-2.15,-10.88,16.2


28.29932,-1.68,-12,16.13


28.31736,-1.68,-12,16.13


28.33588,-0.89,-12.86,16.06


28.34922,-0.37,-13.17,15.86


28.36996,-0.37,-13.17,15.86


28.38725,0.7,-14.03,15.53


28.40198,0.7,-14.03,15.53


28.42624,1.38,-15.05,15.31


28.44734,1.87,-15.99,15.22


28.46731,1.87,-15.99,15.22


28.48625,2.1,-16.75,15.09


28.50056,2.13,-17.24,15.02


28.51532,2.13,-17.24,15.02


28.53418,2.09,-18.52,14.99


28.54838,2.09,-18.52,14.99


28.56692,1.98,-19.85,14.84


28.58206,1.98,-19.85,14.84


28.59759,1.82,-21.2,14.48


28.61618,1.82,-21.2,14.48


28.63029,1.82,-21.2,14.48


28.66345,2.08,-23.44,13.86


28.68793,2.76,-24.65,13.45


28.70025,2.76,-24.65,13.45


28.73102,3.54,-25.58,13.07


28.7603,4.19,-26.17,12.74


28.77987,4.41,-26.41,12.69


28.7953,4.41,-26.41,12.69


28.81871,4.41,-26.4,12.66


28.83367,4.3,-26.38,12.73


28.84838,4.3,-26.38,12.73


28.87053,4.17,-26.27,12.86


28.8845,4.17,-26.27,12.86


28.90438,4.11,-26.26,12.93


28.92022,4.04,-26.31,12.95


28.94095,4.04,-26.31,12.95


28.95592,3.99,-26.32,12.98


28.97289,3.99,-26.32,12.98


28.9907,3.94,-26.37,13.04


29.00521,3.94,-26.37,13.04


29.02441,3.92,-26.42,13.03


29.04738,3.86,-26.47,13.04


29.06259,3.86,-26.47,13.04


29.08368,3.89,-26.48,12.97


29.09764,3.89,-26.48,12.97


29.1126,3.92,-26.47,12.9


29.13204,3.83,-26.53,12.99


29.14728,3.83,-26.53,12.99


29.16738,3.69,-26.55,13.12


29.18334,3.69,-26.55,13.12


29.21124,3.6,-26.5,13.2


29.23722,3.54,-26.4,13.23


29.25126,3.52,-26.36,13.23


29.27234,3.52,-26.36,13.23


29.29112,3.5,-26.36,13.24


29.30964,3.5,-26.36,13.24


29.32752,3.52,-26.37,13.21


29.34538,3.53,-26.32,13.18


29.36593,3.53,-26.32,13.18


29.38476,3.51,-26.32,13.19


29.39982,3.5,-26.31,13.18


29.41294,3.5,-26.31,13.18


29.43085,3.54,-26.31,13.12


29.45104,3.54,-26.31,13.12


29.46914,3.51,-26.34,13.12


29.48577,3.51,-26.34,13.12


29.50039,3.42,-26.34,13.16


29.51846,3.42,-26.34,13.16


29.53274,3.37,-26.33,13.2


29.55085,3.36,-26.32,13.18


29.56771,3.36,-26.32,13.18


29.58677,3.35,-26.25,13.14


29.59882,3.35,-26.25,13.14


29.61582,3.26,-26.24,13.17


29.6348,3.26,-26.24,13.17


29.66476,3.24,-26.18,13.11


29.68919,3.21,-26.15,13.09


29.71564,3.21,-26.13,13.06


29.72906,3.15,-26.1,13.08


29.74685,3.15,-26.1,13.08


29.76653,3.06,-26.03,13.1


29.78051,3.06,-26.03,13.1


29.80056,3.01,-25.97,13.06


29.81605,3.01,-25.97,13.06


29.83208,3,-25.87,13.04


29.8501,3,-25.83,13.03


29.86583,3,-25.83,13.03


29.88527,2.99,-25.81,13.01


29.90013,2.99,-25.81,13.01


29.91582,3.01,-25.8,12.98


29.93146,3.01,-25.8,12.98


29.95317,3.03,-25.79,12.97


29.96883,3.02,-25.78,12.97


29.98146,3.02,-25.74,12.95


30.00141,3.03,-25.7,12.94


30.01589,3.03,-25.7,12.94


30.03182,3.04,-25.72,12.92


30.05037,3.04,-25.72,12.92


30.06607,3.08,-25.72,12.86


30.08109,3.08,-25.72,12.86


30.10152,3.1,-25.67,12.82


30.11652,3.1,-25.67,12.82


30.13195,3.09,-25.63,12.83


30.1639,3.1,-25.62,12.83


30.18822,3.11,-25.6,12.8


30.2017,3.11,-25.6,12.8


30.21992,3.1,-25.6,12.82


30.23472,3.1,-25.6,12.82


30.25492,3.07,-25.63,12.84


30.27078,3.09,-25.59,12.79


30.29183,3.09,-25.59,12.79


30.31093,3.09,-25.58,12.8


30.32558,3.09,-25.58,12.8


30.34202,3.09,-25.55,12.77


30.36157,3.08,-25.53,12.79


30.37908,3.08,-25.53,12.79


30.39846,3.09,-25.51,12.75


30.41835,3.09,-25.51,12.75


30.44386,3.08,-25.5,12.75


30.47138,3.07,-25.5,12.75


30.49294,3.08,-25.47,12.71


30.50863,3.08,-25.47,12.71


30.53341,3.08,-25.46,12.71


30.55355,3.08,-25.46,12.71


30.57215,3.08,-25.46,12.71


30.58828,3.08,-25.46,12.71


30.60835,3.08,-25.48,12.72


30.62861,3.05,-25.48,12.74


30.65478,3.05,-25.48,12.74


30.69489,3.04,-25.49,12.76


30.72419,3.05,-25.49,12.75


30.74153,3.05,-25.49,12.75


30.75777,3.05,-25.49,12.75


30.78035,3.08,-25.5,12.72


30.81541,3.1,-25.5,12.68


30.84548,3.11,-25.48,12.68


30.86447,3.11,-25.48,12.68


30.88404,3.11,-25.42,12.67


30.91183,3.11,-25.42,12.67


30.93375,3.11,-25.42,12.67


30.95975,3.11,-25.42,12.67


30.98133,3.09,-25.37,12.69


31.00589,3.11,-25.31,12.63


31.03189,3.14,-25.27,12.6


31.07587,3.14,-25.26,12.6


31.09143,3.15,-25.23,12.59


31.1183,3.15,-25.17,12.58


31.14469,3.16,-25.14,12.57


31.16134,3.16,-25.14,12.57


31.17525,3.16,-25.1,12.54


31.19933,3.15,-25.09,12.55


31.21788,3.15,-25.09,12.55


31.23415,3.12,-25.07,12.54


31.24885,3.12,-25.07,12.54


31.26899,3.1,-25.06,12.56


31.28281,3.1,-25.06,12.56


31.29977,3.08,-25.04,12.57


31.31717,3.08,-25.04,12.57


31.33584,3.05,-25.04,12.61


31.35228,3.03,-25.03,12.62


31.37152,3.03,-25.03,12.62


31.38614,3.02,-25.02,12.62


31.40372,3.02,-25.02,12.62


31.42206,2.97,-25.03,12.66


31.43468,2.97,-25.03,12.66


31.45694,2.97,-25.04,12.66


31.47694,2.94,-25.01,12.69


31.49763,2.94,-25.01,12.69


31.51288,2.93,-24.99,12.7


31.53411,2.91,-24.97,12.68


31.55095,2.91,-24.97,12.68


31.56986,2.86,-24.97,12.69


31.58523,2.86,-24.97,12.69


31.59929,2.82,-24.94,12.68


31.61605,2.82,-24.94,12.68


31.63637,2.74,-24.87,12.71


31.66585,2.7,-24.84,12.73


31.68829,2.61,-24.77,12.76


31.70189,2.61,-24.77,12.76


31.71562,2.57,-24.71,12.73


31.73232,2.57,-24.71,12.73


31.76454,2.54,-24.68,12.73


31.78794,2.48,-24.62,12.75


31.80227,2.44,-24.57,12.76


31.81624,2.44,-24.57,12.76


31.8327,2.38,-24.48,12.76


31.85186,2.38,-24.48,12.76


31.87026,2.26,-24.4,12.77


31.88443,2.26,-24.4,12.77


31.89916,2.14,-24.29,12.79


31.92075,2.05,-24.18,12.78


31.9346,2.05,-24.18,12.78


31.94691,2.05,-24.18,12.78


31.96017,2,-24.13,12.78


31.97636,2,-24.13,12.78


32.01855,1.68,-23.71,12.78


32.03268,1.68,-23.71,12.78


32.05398,1.62,-23.51,12.76


32.08393,1.53,-23.24,12.81


32.11194,1.43,-23.06,12.83


32.12431,1.43,-23.06,12.83


32.13917,1.22,-22.63,12.81


32.1553,1.22,-22.63,12.81


32.17973,0.94,-22.11,12.83


32.20961,0.79,-21.53,12.8


32.22666,0.81,-20.88,12.68


32.24361,0.81,-20.88,12.68


32.26091,0.85,-20.39,12.55


32.27557,0.85,-20.39,12.55


32.29393,0.8,-19.12,12.38


32.3161,0.82,-17.22,12.03


32.32939,0.82,-17.22,12.03


32.34988,0.56,-15.03,11.96


32.37019,-0.03,-13.08,11.9


32.38428,-0.03,-13.08,11.9


32.41047,-0.35,-12.18,11.86


32.4247,-0.35,-12.18,11.86


32.4408,-0.76,-10.3,11.73


32.46085,-1,-8.7,11.58


32.48334,-1,-8.7,11.58


32.49833,-1.1,-7.38,11.34


32.51594,-1.1,-7.38,11.34


32.53798,-0.84,-6.33,11.16


32.55275,-0.63,-5.93,11.06


32.5672,-0.63,-5.93,11.06


32.5873,-0.03,-5.19,10.65


32.61466,0.48,-4.25,10.32


32.62943,0.48,-4.25,10.32


32.66222,0.88,-3.43,10.14


32.69069,1.02,-2.79,10.18


32.7155,1.09,-2.51,10.2


32.74251,1.24,-2.23,10.18


32.75646,1.24,-2.23,10.18


32.77493,2.17,-1.48,10.03


32.79497,3.09,-1.2,9.87


32.82257,4.33,-0.94,9.52


32.83736,4.33,-0.94,9.52


32.85012,4.95,-0.85,9.39


32.86365,4.95,-0.85,9.39


32.8822,6.01,-0.63,9.22


32.89808,6.01,-0.63,9.22


32.91706,6.82,-0.5,9.15


32.93522,6.82,-0.5,9.15


32.95049,7.21,-0.39,9.08


32.97218,8.53,-0.19,8.89


32.98592,8.53,-0.19,8.89


33.00062,8.96,-0.18,8.87


33.01743,8.96,-0.18,8.87


33.03415,9.9,-0.16,8.83


33.05392,9.9,-0.16,8.83


33.07346,11.07,-0.14,8.75


33.08631,11.07,-0.14,8.75


33.10251,12.1,-0.17,8.7


33.11936,13.28,-0.21,8.42


33.13919,13.28,-0.21,8.42


33.15292,13.78,-0.26,8.31


33.18426,14.81,-0.33,8.24


33.20943,15.98,-0.44,8.18


33.22212,15.98,-0.44,8.18


33.23848,16.45,-0.51,8.11


33.25393,16.45,-0.51,8.11


33.27153,17.79,-0.65,7.9


33.28686,17.79,-0.65,7.9


33.30233,18.24,-0.69,7.86


33.32177,18.24,-0.69,7.86


33.33635,19.09,-0.81,7.85


33.35357,19.09,-0.81,7.85


33.37443,19.82,-0.92,7.78


33.38614,19.82,-0.92,7.78


33.40262,20.3,-1,7.78


33.42469,20.77,-1.08,7.78


33.43666,20.77,-1.08,7.78


33.45578,20.97,-1.11,7.78


33.47286,20.97,-1.11,7.78


33.49374,21.04,-1.2,7.84


33.50816,21.04,-1.2,7.84


33.52774,20.75,-1.26,7.91


33.54544,20.2,-1.32,8.09


33.56204,20.2,-1.32,8.09


33.57937,19.35,-1.35,8.35


33.59781,19.35,-1.35,8.35


33.61574,18.71,-1.33,8.52


33.63536,17.45,-1.29,8.84


33.66567,16.26,-1.24,9.12


33.6921,14.69,-1.06,9.4


33.7055,14.69,-1.06,9.4


33.7215,13.61,-0.83,9.55


33.74052,13.61,-0.83,9.55


33.75845,13.19,-0.75,9.64


33.77639,13.19,-0.75,9.64


33.80416,12.33,-0.64,9.85


33.82755,11.97,-0.55,9.94


33.84069,12.2,-0.54,9.83


33.85569,12.2,-0.54,9.83


33.87216,12.6,-0.57,9.68


33.89122,12.6,-0.57,9.68


33.90557,12.83,-0.56,9.6


33.92453,12.83,-0.56,9.6


33.94179,13.6,-0.59,9.35


33.95887,13.6,-0.59,9.35


33.97813,14.43,-0.65,9.08


33.99182,15.07,-0.69,8.84


34.0084,15.07,-0.69,8.84


34.02825,15.61,-0.72,8.71


34.04442,15.61,-0.72,8.71


34.06385,15.86,-0.72,8.65


34.08307,16.26,-0.71,8.57


34.11069,16.44,-0.71,8.52


34.13949,16.65,-0.68,8.47


34.15261,16.65,-0.68,8.47


34.16655,16.65,-0.68,8.47


34.18468,16.75,-0.67,8.47


34.20308,16.79,-0.65,8.48


34.22031,16.79,-0.65,8.48


34.23441,16.96,-0.62,8.43


34.25214,16.96,-0.62,8.43


34.27038,17.02,-0.59,8.4


34.28901,17,-0.58,8.39


34.30814,17,-0.58,8.39


34.31951,17.07,-0.55,8.37


34.335,17.07,-0.55,8.37


34.35684,17.16,-0.51,8.34


34.37256,17.16,-0.51,8.34


34.38588,17.26,-0.49,8.35


34.4037,17.26,-0.49,8.35


34.42351,17.39,-0.49,8.34


34.43582,17.39,-0.49,8.34


34.45165,17.59,-0.52,8.31


34.47392,17.79,-0.57,8.31


34.48834,17.79,-0.57,8.31


34.50515,17.91,-0.59,8.33


34.52053,17.91,-0.59,8.33


34.53411,18.15,-0.62,8.34


34.54909,18.15,-0.62,8.34


34.56689,18.49,-0.67,8.32


34.58753,18.49,-0.67,8.32


34.60246,18.78,-0.76,8.33


34.63147,19.14,-0.9,8.39


34.65646,19.32,-0.97,8.44


34.6702,19.32,-0.97,8.44


34.68349,19.66,-1.09,8.55


34.6984,19.66,-1.09,8.55


34.72129,20.19,-1.18,8.59


34.74886,20.94,-1.31,8.61


34.77306,21.69,-1.48,8.71


34.78722,21.69,-1.48,8.71


34.80076,22.09,-1.54,8.79


34.81672,22.09,-1.54,8.79


34.83509,22.97,-1.63,9.05


34.85177,22.97,-1.63,9.05


34.87351,23.91,-1.81,9.5


34.8872,23.91,-1.81,9.5


34.90062,25.19,-2.19,10.12


34.91811,25.19,-2.19,10.12


34.93679,26.36,-2.65,10.73


34.95605,26.79,-2.88,10.96


34.97113,26.79,-2.88,10.96


34.98975,27.25,-3.25,11.53


35.00408,27.25,-3.25,11.53


35.01815,27.39,-3.47,12.05


35.0355,27.39,-3.47,12.05


35.05446,27.11,-3.55,12.54


35.07025,26.39,-3.65,12.87


35.08891,26.39,-3.65,12.87


35.1078,25.99,-3.7,13


35.11835,25.99,-3.7,13


35.13132,25.3,-3.83,13.26


35.14973,25.3,-3.83,13.26


35.16446,24.58,-4.02,13.46


35.18345,24.58,-4.02,13.46


35.20037,23.69,-4.13,13.64


35.23062,22.94,-4.15,13.74


35.26351,22.5,-4.12,13.82


35.28642,21.68,-3.9,13.92


35.3038,21.68,-3.9,13.92


35.33937,20.67,-3.42,13.9


35.35265,20.67,-3.42,13.9


35.37302,20.6,-3.3,13.89


35.3876,20.6,-3.3,13.89


35.40416,20.59,-3.29,13.89


35.42126,20.59,-3.29,13.89


35.43822,20.46,-3.32,13.9


35.45816,20.39,-3.32,13.91


35.47272,20.38,-3.3,13.89


35.48806,20.38,-3.26,13.85


35.50652,20.34,-3.21,13.83


35.52576,20.19,-3.06,13.74


35.5377,20.19,-3.06,13.74


35.55372,20.1,-2.98,13.69


35.5712,20.1,-2.98,13.69


35.59243,20.11,-2.94,13.71


35.60564,20.11,-2.94,13.71


35.62299,20.03,-2.96,13.76


35.63991,19.98,-2.98,13.76


35.66733,19.97,-3,13.76


35.69568,19.95,-2.99,13.79


35.72176,19.92,-2.97,13.8


35.73811,19.83,-2.93,13.79


35.75657,19.83,-2.93,13.79


35.77135,19.59,-2.88,13.82


35.78599,19.59,-2.88,13.82


35.80445,19.42,-2.79,13.78


35.81836,19.42,-2.79,13.78


35.83886,19.21,-2.7,13.76


35.85708,19.1,-2.63,13.74


35.87109,19.1,-2.63,13.74


35.89059,18.82,-2.52,13.75


35.9047,18.82,-2.52,13.75


35.91939,18.61,-2.44,13.73


35.93883,18.56,-2.41,13.72


35.95408,18.52,-2.39,13.73


35.97344,18.52,-2.39,13.73


35.98746,18.52,-2.39,13.73


36.00959,18.53,-2.34,13.67


36.02837,18.53,-2.34,13.67


36.04641,18.52,-2.31,13.68


36.06709,18.52,-2.28,13.67


36.08609,18.52,-2.28,13.67


36.10664,18.51,-2.24,13.67


36.127,18.5,-2.23,13.65


36.15255,18.51,-2.22,13.66


36.17775,18.51,-2.22,13.66


36.19042,18.54,-2.21,13.65


36.20593,18.54,-2.21,13.65


36.22666,18.58,-2.22,13.62


36.24028,18.64,-2.23,13.58


36.25521,18.64,-2.23,13.58


36.27499,18.65,-2.2,13.57


36.29016,18.65,-2.2,13.57


36.30358,18.67,-2.19,13.55


36.32375,18.67,-2.19,13.55


36.34195,18.71,-2.17,13.52


36.35436,18.71,-2.17,13.52


36.37412,18.72,-2.17,13.49


36.3885,18.73,-2.15,13.47


36.40393,18.73,-2.15,13.47


36.42133,18.71,-2.15,13.47


36.44065,18.71,-2.15,13.47


36.45573,18.7,-2.16,13.46


36.47204,18.7,-2.16,13.46


36.49356,18.73,-2.16,13.43


36.50695,18.73,-2.16,13.43


36.52339,18.83,-2.15,13.38


36.54379,18.88,-2.13,13.36


36.557,18.88,-2.13,13.36


36.57088,18.86,-2.11,13.36


36.58979,18.86,-2.11,13.36


36.605,18.84,-2.12,13.36


36.6235,18.84,-2.12,13.36


36.63868,18.83,-2.13,13.36


36.66866,18.83,-2.14,13.35


36.69411,18.86,-2.13,13.32


36.70683,18.86,-2.13,13.32


36.72148,18.86,-2.15,13.28


36.7386,18.86,-2.15,13.28


36.75825,18.85,-2.16,13.29


36.78418,18.82,-2.18,13.28


36.80753,18.81,-2.17,13.29


36.82108,18.8,-2.16,13.29


36.83844,18.8,-2.16,13.29


36.85789,18.76,-2.15,13.32


36.87255,18.75,-2.15,13.31


36.88761,18.75,-2.15,13.31


36.90758,18.75,-2.14,13.29


36.92095,18.75,-2.14,13.29


36.94038,18.75,-2.12,13.25


36.95405,18.75,-2.12,13.25


36.97233,18.7,-2.11,13.22


36.99165,18.66,-2.14,13.19


37.00821,18.66,-2.14,13.19


37.02248,18.64,-2.14,13.21


37.04092,18.64,-2.14,13.21


37.05624,18.62,-2.13,13.21


37.07146,18.62,-2.13,13.21


37.10337,18.59,-2.12,13.2


37.12862,18.59,-2.12,13.2


37.14783,18.51,-2.1,13.17


37.16097,18.51,-2.1,13.17


37.18181,18.44,-2.1,13.13


37.19717,18.44,-2.1,13.13


37.21802,18.45,-2.1,13.13


37.23455,18.44,-2.08,13.11


37.25089,18.44,-2.08,13.11


37.272,18.39,-2.06,13.09


37.28993,18.38,-2.06,13.08


37.30981,18.39,-2.07,13.07


37.32642,18.43,-2.07,13.05


37.33873,18.43,-2.07,13.05


37.35459,18.43,-2.07,13.04


37.37298,18.43,-2.07,13.04


37.39037,18.43,-2.06,13.04


37.40793,18.43,-2.06,13.04


37.42153,18.38,-2.06,13.05


37.44141,18.38,-2.05,13.05


37.46001,18.38,-2.05,13.05


37.47877,18.35,-2.04,13.05


37.4904,18.35,-2.04,13.05


37.50813,18.34,-2.04,13.04


37.5309,18.35,-2.01,12.99


37.54384,18.35,-2.01,12.99


37.56504,18.36,-2.01,12.98


37.58316,18.36,-2.01,12.98


37.60322,18.39,-1.98,12.96


37.62421,18.41,-1.97,12.95


37.64005,18.41,-1.97,12.95


37.66987,18.43,-1.97,12.93


37.69642,18.43,-1.96,12.92


37.72259,18.44,-1.95,12.91


37.75109,18.45,-1.93,12.89


37.76324,18.45,-1.93,12.89


37.77876,18.42,-1.93,12.89


37.79343,18.42,-1.93,12.89


37.816,18.42,-1.92,12.89


37.83134,18.46,-1.92,12.89


37.84948,18.46,-1.92,12.89


37.86627,18.51,-1.89,12.86


37.88679,18.51,-1.89,12.86


37.90779,18.54,-1.88,12.86


37.92368,18.53,-1.9,12.85


37.94204,18.53,-1.9,12.85


37.9592,18.54,-1.9,12.84


37.97201,18.54,-1.9,12.84


37.99179,18.51,-1.89,12.83


38.00999,18.49,-1.89,12.83


38.02535,18.48,-1.89,12.84


38.06244,18.49,-1.91,12.83


38.0755,18.49,-1.92,12.83


38.08984,18.49,-1.92,12.83


38.10672,18.44,-1.93,12.82


38.12657,18.44,-1.93,12.82


38.14158,18.49,-1.94,12.8


38.15549,18.49,-1.94,12.8


38.17502,18.5,-1.94,12.78


38.20078,18.38,-1.97,12.81


38.22722,18.17,-2.02,12.83


38.25434,17.99,-2.07,12.84


38.26621,17.99,-2.07,12.84


38.284,17.19,-2.2,12.85


38.30274,17.19,-2.2,12.85


38.32402,15.04,-2.55,12.42


38.34324,12.01,-3.61,11.63


38.3582,12.01,-3.61,11.63


38.37354,9.78,-4.41,11.65


38.39518,9.78,-4.41,11.65


38.40846,9.06,-4.58,11.94


38.42385,9.06,-4.58,11.94


38.44448,7.94,-4.76,12.38


38.47082,6.94,-4.65,12.79


38.48563,6.94,-4.65,12.79


38.50745,6.16,-4.42,13.15


38.5258,5.67,-4.25,13.36


38.54126,5.67,-4.25,13.36


38.56015,5.47,-4.21,13.43


38.57887,5.47,-4.21,13.43


38.59112,5.23,-4.15,13.47


38.6083,5.15,-4.09,13.46


38.63024,5.01,-4.07,13.48


38.65616,4.54,-3.99,13.55


38.68568,3.93,-3.9,13.49


38.71189,3.67,-3.91,13.46


38.73721,3.21,-4,13.5


38.74963,3.21,-4,13.5


38.76627,2.67,-4.01,13.59


38.78467,2.67,-4.01,13.59


38.80615,2.19,-4.01,13.7


38.82234,1.84,-3.98,13.79


38.84269,1.84,-3.98,13.79


38.85764,1.62,-3.97,13.9


38.87982,1.15,-4.03,14.13


38.89336,1.15,-4.03,14.13


38.90621,1.15,-4.03,14.13


38.92484,0.77,-4.1,14.26


38.94456,0.55,-4.14,14.33


38.95978,0.55,-4.14,14.33


38.97316,0.36,-4.23,14.38


38.99148,0.36,-4.23,14.38


39.01012,0.33,-4.3,14.41


39.02477,0.33,-4.3,14.41


39.04152,0.23,-4.36,14.5


39.06036,0.15,-4.44,14.57


39.07716,0.15,-4.44,14.57


39.09215,0.3,-4.56,14.43


39.11488,0.3,-4.56,14.43


39.12799,0.72,-4.67,14.19


39.14182,0.72,-4.67,14.19


39.1588,1.21,-4.69,13.91


39.18103,2.49,-4.83,13.19


39.20671,2.49,-4.83,13.19


39.23248,3.22,-5.02,12.84


39.25001,3.49,-5.06,12.71


39.265,3.49,-5.06,12.71


39.28852,3.64,-5.12,12.66


39.30781,3.63,-5.17,12.7


39.32596,3.63,-5.17,12.7


39.34028,3.48,-5.3,12.82


39.36016,3.34,-5.44,12.95


39.37827,3.22,-5.61,13.1


39.39631,3.05,-5.91,13.41


39.40932,3.05,-5.91,13.41


39.42958,2.95,-6.26,13.68


39.44398,2.95,-6.26,13.68


39.45897,2.93,-6.39,13.78


39.47895,2.91,-6.55,13.9


39.49269,2.89,-6.7,14.06


39.50753,2.88,-6.83,14.19


39.52743,2.89,-6.92,14.32


39.54242,2.91,-7.18,14.58


39.55796,2.91,-7.18,14.58


39.57849,2.93,-7.46,14.79


39.59229,2.93,-7.46,14.79


39.60725,2.92,-7.57,14.95


39.62708,2.92,-7.57,14.95


39.65395,2.69,-7.72,15.3


39.67627,2.51,-7.87,15.46


39.70097,2.28,-7.95,15.69


39.71507,2.28,-7.95,15.69


39.73072,1.97,-8.03,15.92


39.74608,1.97,-8.03,15.92


39.7659,1.83,-8.09,16.02


39.7804,1.64,-8.2,16.11


39.80152,1.64,-8.2,16.11


39.8187,1.59,-8.23,16.12


39.83168,1.59,-8.23,16.12


39.85302,1.55,-8.24,16.13


39.8695,1.5,-8.24,16.15


39.89009,1.42,-8.27,16.19


39.90642,1.38,-8.29,16.22


39.92632,1.38,-8.29,16.22


39.94025,1.38,-8.31,16.22


39.95884,1.38,-8.31,16.22


39.97688,1.39,-8.3,16.2


39.99255,1.36,-8.3,16.22


40.01121,1.36,-8.3,16.22


40.0284,1.31,-8.3,16.2


40.04303,1.31,-8.3,16.2


40.05824,1.27,-8.28,16.17


40.07782,1.24,-8.27,16.17


40.09159,1.2,-8.29,16.19


40.10727,1.2,-8.29,16.19


40.12766,1.11,-8.28,16.3


40.1568,1.01,-8.29,16.41


40.18062,0.99,-8.21,16.43


40.19462,0.99,-8.21,16.43


40.20821,0.98,-8.12,16.43


40.22595,0.98,-8.12,16.43


40.24639,0.95,-8.03,16.5


40.2616,0.93,-7.99,16.52


40.27541,0.93,-7.99,16.52


40.29469,0.9,-7.99,16.51


40.31084,0.9,-7.99,16.51


40.32673,0.92,-7.94,16.4


40.34554,0.92,-7.94,16.4


40.35983,1,-7.87,16.2


40.37191,1,-7.87,16.2


40.38453,1.23,-7.56,15.51


40.40068,1.23,-7.56,15.51


40.42229,1.42,-7.39,14.82


40.44547,1.77,-7.18,13.97


40.46144,1.77,-7.18,13.97


40.47546,2.7,-6.92,13.05


40.49383,2.7,-6.92,13.05


40.51089,3.16,-6.82,12.66


40.53183,3.69,-6.59,12.26


40.54487,3.69,-6.59,12.26


40.55851,3.69,-6.59,12.26


